,名前,性別,性格,性格タイプ,年齢層,見た目,種族,イメージカラー,テンポ,曲調,備考（属性分類の凡例）,出典Wiki URL
1,ミミ,女,明るい・おしゃべり,A：明朗・活発型,子供〜10代,かわいい・親しみやすい,ウサギ,茶/ピンク,普通,ポップ・キュート,,https://popnmusic.fandom.com/wiki/Mimi
2,ニャミ,女,明るい・ひょうきん・活発,A：明朗・活発型,10代〜若者,猫耳・茶髪・活発,猫,茶/青/赤/白,普通〜速め,ポップ・キュート・ダンス,ミミの親友・パートナー。チャットや遊園地が好きで、ジェットコースター好き。,https://popnmusic.fandom.com/wiki/Nyami
3,MZD,男,飄々・世話焼き,B：穏やか・自由型,成人,神秘的・スタイリッシュ,神,黒/白/青,普通〜速め,テクノ・クラブ系,神。ハテナは影。,https://popnmusic.fandom.com/wiki/MZD
4,アッシュ,男,穏やか・料理好き,B：穏やか・自由型,若者,かっこいい・獣人,狼男,緑/赤,普通,ロック・ポップロック,狼男、料理好き。,https://popnmusic.fandom.com/ja/wiki/アッシュ
5,ユーリ,男,気取っている・芸術家肌,B：穏やか・自由型,若者,美形・妖艶,吸血鬼,青/赤/黒,普通〜遅め,ヴィジュアル・ロック,吸血鬼、Deuilリーダー。,https://popnmusic.fandom.com/ja/wiki/ユーリ
6,六,男,豪快・ストイック,D：強気・個性型,成人,和風・ワイルド,人間,青/赤/白,速め,ヒップロック・和風,人間、居合・書道。,https://popnmusic.fandom.com/wiki/Roku
7,かごめ,女,物静か・神秘的,C：冷静・知性型,10代,幻想的・ゴシック,人間,黒/青,遅め,ミスティ・エモ,,https://popnmusic.fandom.com/wiki/Kagome
8,リエ♥ちゃん,女,優しい・おしゃれ好き,B：穏やか・自由型,10代,かわいい・ファッショナブル,人間,オレンジ/ピンク,普通,ガーリー・ポップ,,https://popnmusic.fandom.com/ja/wiki/リエ♥ちゃん
9,さなえ♥ちゃん,女,明るい・親しみやすい,A：明朗・活発型,10代,かわいい・元気,人間,黄/赤/ピンク,普通,ポップ・ガールズ,,https://popnmusic.fandom.com/ja/wiki/%E3%81%95%E3%81%AA%E3%81%88%E2%99%A5%E3%81%A1%E3%82%83%E3%82%93
10,ジュディ,女,快活・行動的,A：明朗・活発型,若者,スポーティー・グラマラス,人間,赤/青/白,速め,ダンス・ポップ,,https://popnmusic.fandom.com/ja/wiki/%E3%82%B8%E3%83%A5%E3%83%87%E3%82%A3
11,タイマー,男,華やか・サービス精神旺盛,B：穏やか・自由型,若者,アイドル・スタイリッシュ,人間,茶/赤/白,速め,アイドル・ポップ,歌手・モデル・ファッションデザイナー。,https://popnmusic.fandom.com/wiki/Timer
12,スマイル,男,飄々・いたずら好き,B：穏やか・自由型,若者,ミステリアス・細身,透明人間,青/紫,普通,ヴィジュアル・ロック,透明人間、Deuilのベーシスト。,https://popnmusic.fandom.com/ja/wiki/スマイル
13,アイス,男,素直・おだやか,B：穏やか・自由型,若者,かわいい・少年風,人間,青/白,普通,ラウンジ・ポップ,,https://popnmusic.fandom.com/ja/wiki/%E3%82%A2%E3%82%A4%E3%82%B9
14,ポエット,女,優しい・好奇心旺盛,B：穏やか・自由型,子供,かわいい・天使的,天使,黄/水色/白,普通,ケルト・ファンタジー,天使。空を歩き、トランペットが趣味。,https://popnmusic.fandom.com/wiki/Poet
15,ショルキー,男,クール・おしゃれ,B：穏やか・自由型,若者,スタイリッシュ・長身,人間,黒/紫,普通,ポップ・ファンク,,https://popnmusic.fandom.com/ja/wiki/%E3%82%B7%E3%83%A7%E3%83%AB%E3%82%AD%E3%83%BC
16,ジズ,男,神秘的・礼儀正しい・人形好き,C：冷静・知性型,成人,仮面の紳士・不気味で優雅,幽霊／ファントム,黒/赤/金/白,普通〜遅め,ダーク・幻想・クラシック系,ヴェネツィア出身。人形作りが趣味。代表曲はDarkness系,https://popnmusic.fandom.com/wiki/Zizz
17,アルフォンス・ミシェル,男,知的・物静か,C：冷静・知性型,成人,美形・貴族的,人間/天使?,黒/青/黄,遅め,クラシック・幻想系,,https://popnmusic.fandom.com/wiki/Alphonse_Michel
18,Mr.KK,男,真面目・クール,B：穏やか・自由型,成人,都会的・渋い,人間,青/茶/黒,普通,パーカッシブ・アーバンロック,清掃員。裏の顔として狙撃手設定あり。,https://popnmusic.fandom.com/wiki/Mr._KK
19,ナカジ,男,ぶっきらぼう・仲間思い,B：穏やか・自由型,10代,クール・少年,人間,青/黒,速め,ロック・パンク,,https://popnmusic.fandom.com/ja/wiki/%E3%83%8A%E3%82%AB%E3%82%B8
20,ハヤト,男,元気・真面目,A：明朗・活発型,10代,スポーティー・少年,人間,青/黄,速め,ロック・ポップロック,,https://popnmusic.fandom.com/ja/wiki/%E3%83%8F%E3%83%A4%E3%83%88
21,リゼット,女,おっとり・優しい,B：穏やか・自由型,10代,かわいい・清楚,人間,ピンク/白,普通,ポップ・ガーリー,,https://popnmusic.fandom.com/ja/wiki/%E3%83%AA%E3%82%BC%E3%83%83%E3%83%88
22,ムラサキ,女,芯が強い・職人気質,B：穏やか・自由型,若者,和風・艶やか,人間,紫/黒/赤,普通,三味線・和風,人間、三味線・裁縫が趣味。,https://popnmusic.fandom.com/wiki/Murasaki
23,スギくん,男,爽やか・音楽好き,B：穏やか・自由型,若者,バンドマン・爽やか,人間,緑/白,普通,ロック・ポップロック,,https://popnmusic.fandom.com/ja/wiki/%E3%82%B9%E3%82%AE%E3%81%8F%E3%82%93
24,カジカ,男,探究心旺盛・神秘的,C：冷静・知性型,10代,金髪・洞窟探検家風・少年,人間,金/橙/青/白,普通〜速め,幻想・ロック・トランス,男性・人間。カルスト台地出身、5月10日生まれ。未踏の洞窟探検が趣味。,https://popnmusic.fandom.com/wiki/Kajika
25,ロキ,女,誇り高い・短気・家族思い,D：強気・個性型,少女〜青年（作品・衣装で変化）,灰色の髪・濃緑の目・紫がかった肌。白いブラウス／白いドレスなど,魔女,灰/白/紫/深緑,普通〜速め,ゴシック・エレゴシック・ダーク系,女性の魔女。アイスランド出身。家族や歌、故郷に誇りを持ち、短気な一面がある。,https://popnmusic.fandom.com/wiki/Roki
26,ロッテ,女,元気・おちゃめ,A：明朗・活発型,子供〜10代,かわいい・小柄,人間,ピンク/赤,速め,ポップ・キュート,,https://popnmusic.fandom.com/ja/wiki/%E3%83%AD%E3%83%83%E3%83%86
27,ミルク,女,明るい・おっとり,B：穏やか・自由型,子供,かわいい・動物系,人間,白/ピンク,普通,キュート・ポップ,,https://popnmusic.fandom.com/ja/wiki/%E3%83%9F%E3%83%AB%E3%82%AF
28,ミニッツ,女,元気・アイドル気質,A：明朗・活発型,10代,かわいい・アイドル,人間,ピンク/白,速め,アイドル・ポップ,タイマーの妹。,https://popnmusic.fandom.com/ja/wiki/%E3%83%9F%E3%83%8B%E3%83%83%E3%83%84
29,リンリン,女,おおらか・食いしん坊,B：穏やか・自由型,10代,中華風・かわいい,人間,青/赤,普通,中華・ポップ,香港出身、パンダグッズ好き。,https://popnmusic.fandom.com/ja/wiki/%E3%83%AA%E3%83%B3%E3%83%AA%E3%83%B3
30,シャルロット,女,上品・おっとり,B：穏やか・自由型,10代,かわいい・フランス風,人間,金/青/白,普通,ワルツ・クラシック,,https://popnmusic.fandom.com/ja/wiki/%E3%82%B7%E3%83%A3%E3%83%AB%E3%83%AD%E3%83%83%E3%83%88
31,シルビア,女,クール・大人びた,B：穏やか・自由型,若者,スタイリッシュ・美人,人間,紫/黒,普通,ジャズ・ラウンジ,,https://popnmusic.fandom.com/ja/wiki/%E3%82%B7%E3%83%AB%E3%83%93%E3%82%A2
32,ユリちゃん,女,少し内気・がんばり屋,B：穏やか・自由型,若者,そばかす・茶髪ツインテール・眼鏡,人間,茶/ピンク/シアン/白,普通,ガールズポップ・ジェットコースターポップ,日本出身、5月23日生まれ。美容師に憧れ修業中。リエ♥ちゃん・さなえ♥ちゃんと友人。,https://popnmusic.fandom.com/wiki/Yuri*chan
33,桔梗,女,凛としている・穏やか,B：穏やか・自由型,若者,和風・美人,人間,紫/白,普通〜遅め,和風・幻想,,https://popnmusic.fandom.com/ja/wiki/%E6%A1%94%E6%A2%97
34,虹野ひかり,女,明るい・社交的,A：明朗・活発型,10代,アイドル・カラフル,人間,ピンク/青/白,速め,ラブリー・アイドル,人間、虹っ子メンバー。,https://popnmusic.fandom.com/ja/wiki/%E8%99%B9%E9%87%8E%E3%81%B2%E3%81%8B%E3%82%8A
35,夢野みらい,女,内気・優しい・怖がり,B：穏やか・自由型,10代,アイドル・かわいい,人間,水色/ピンク/黄,普通,ラブリー・ポップ,人間、虹っ子メンバー。,https://popnmusic.fandom.com/ja/wiki/%E5%A4%A2%E9%87%8E%E3%81%BF%E3%82%89%E3%81%84
36,ハジメ,男,真面目・熱血,D：強気・個性型,成人,スポーティー・少年,人間,青/赤/白,速め,ロック・ポップロック,,https://popnmusic.fandom.com/ja/wiki/%E3%83%8F%E3%82%B8%E3%83%A1
37,DTO,男,豪快・先生気質,D：強気・個性型,成人,コミカル・大柄,人間,茶/赤/黒,速め,ハードロック・パンク,,https://popnmusic.fandom.com/ja/wiki/DTO
38,ヒュー,男,クール・寡黙,C：冷静・知性型,若者,美形・クール,人間,青/黒,普通〜速め,ロック・ダンス,,https://popnmusic.fandom.com/ja/wiki/%E3%83%92%E3%83%A5%E3%83%BC
39,ジェイド,男,落ち着いている・神秘的,C：冷静・知性型,若者,美形・幻想的,人間/異世界系,緑/黒/青,普通,幻想・エレクトロ,,https://popnmusic.fandom.com/ja/wiki/%E3%82%B8%E3%82%A7%E3%82%A4%E3%83%89
40,鹿ノ子,女,活発・かわいらしい・芯が強い,A：明朗・活発型,10代,和風・鹿モチーフ・華やか,人間,赤/桃/黄緑/黒,速め,和風・ナデシコロック,,https://popnmusic.fandom.com/wiki/Kanoko
41,つらら,女,元気・勝ち気,D：強気・個性型,10代,冬・スポーティー,人間,水色/白,速め,ハッピーハードコア・ポップ,,https://popnmusic.fandom.com/ja/wiki/%E3%81%A4%E3%82%89%E3%82%89
42,鈴花,女,明るい・負けず嫌い,A：明朗・活発型,10代,中華風・元気,人間,赤/桃/白,速め,中華・ガールズポップ,,https://popnmusic.fandom.com/ja/wiki/%E9%88%B4%E8%8A%B1
43,烈,男,熱血・直情的,D：強気・個性型,10代,和風・ロック系,人間,赤/黒,速め,ロック・ヒップロック,,https://popnmusic.fandom.com/ja/wiki/%E7%83%88
44,風雅,男,冷静・やさしい,C：冷静・知性型,10代,和風・スタイリッシュ,人間,青/白,普通〜速め,ロック・幻想,,https://popnmusic.fandom.com/ja/wiki/%E9%A2%A8%E9%9B%85
45,氷海,男,クール・寡黙,C：冷静・知性型,10代,中性的・冷たい印象,人間,水色/青/白,普通,クラシック・幻想,,https://popnmusic.fandom.com/ja/wiki/%E6%B0%B7%E6%B5%B7
46,文彦さん,男,知的・落ち着き,C：冷静・知性型,若者,眼鏡・文系,人間,青/茶,普通,ジャズ・ポップ,,https://popnmusic.fandom.com/ja/wiki/%E6%96%87%E5%BD%A6
47,乱麻,女,武道家気質・凛々しい・一途,B：穏やか・自由型,若者,金髪・武道家風・凛々しい,人間,青/白/金,速め,和風・ロック・舞楽,西横町（日本）出身、2月27日生まれ。古武術全般が趣味。,https://popnmusic.fandom.com/wiki/Ranma
48,アリシア,女,おっとり・上品,B：穏やか・自由型,10代,幻想的・かわいい,人間/妖精系,青/白/金,普通〜遅め,ファンタジー・クラシック,,https://popnmusic.fandom.com/ja/wiki/%E3%82%A2%E3%83%AA%E3%82%B7%E3%82%A2
49,モイモイ,女,明るい・ふわふわ・愛らしい,A：明朗・活発型,若者,薄灰色の髪・大きなリボン・和風ロリータ,人間,ライトグレー/黒/ピンク/白,速め,和風・エレクトロポップ,理想郷出身、9月19日生まれ。趣味はダンス、歌うことが好き、キュウリが苦手。,https://popnmusic.fandom.com/wiki/Moi_Moi
50,ALT,女,明るい・アイドル気質,A：明朗・活発型,若者,ロボット・電子アイドル,コンピュータヒューマノイド,白/橙/桃,速め,テクノ・デジタルポップ,歌うコンピューター電子アイドル。,https://popnmusic.fandom.com/wiki/Alt
51,パピルス,男,陽気・快活・いたずら好き,B：穏やか・自由型,少年〜青年,小柄な少年風・紫系の衣装,精霊,紫/白/青,普通〜速め,ポップ・ファンタジー,,https://popnmusic.fandom.com/wiki/Papyrus
52,ししゃも,男,のんびり・自由,B：穏やか・自由型,子供〜動物,かわいい・猫,ネコ,白/茶,普通,キュート・ポップ,,https://popnmusic.fandom.com/ja/wiki/%E3%81%97%E3%81%97%E3%82%83%E3%82%82
53,リュータ,男,元気・スポーツ好き,A：明朗・活発型,10代,少年・スポーティー,人間,赤/青,速め,ロック・ポップ,,https://popnmusic.fandom.com/ja/wiki/%E3%83%AA%E3%83%A5%E3%83%BC%E3%82%BF
54,しろろ,男,おっとり・素直,B：穏やか・自由型,子供,かわいい・小動物的,人間/人外系,白/水色,普通,ファンタジー・ポップ,,https://popnmusic.fandom.com/ja/wiki/%E3%81%97%E3%82%8D%E3%82%8D
55,ニュー・ミュー,女,明るい・不思議,A：明朗・活発型,10代,猫耳・かわいい,人間/ネコ系,黄/白/桃,速め,キュート・ポップ,,https://popnmusic.fandom.com/ja/wiki/%E3%83%8B%E3%83%A5%E3%83%BC%E3%83%BB%E3%83%9F%E3%83%A5%E3%83%BC
56,めばえ,男1体＋女1体,明るい・コミカル,B：穏やか・自由型,不明,黒髪・人形2体,人形（Puppets）,黒/白/赤,普通,テクノ・コミカル,男女1体ずつの人形。日本出身。誕生日6月1日。ジズが操り手。趣味は社交ダンスと通販で家電を買うこと。,https://popnmusic.fandom.com/wiki/Mebae
57,おとこマン,男,豪快・コミカル,D：強気・個性型,成人,筋肉質・コミカル,人間,赤/黄,速め,ロック・コミカル,,https://popnmusic.fandom.com/ja/wiki/%E3%81%8A%E3%81%A8%E3%81%93%E3%83%9E%E3%83%B3
58,ヤード6世,男,温厚・花好き,B：穏やか・自由型,成人,動物・コミカル,アリクイ,茶/白,普通,民族・フォーク,アリクイ、花好き。,https://popnmusic.fandom.com/wiki/Yard_the_6th
59,ワルドック,男,悪役気質・豪快・自信家,D：強気・個性型,成人,海賊風・片目覆い・フック,人間,水色/赤/白/灰,普通〜速め,ブルース・ラテン,世界征服を企む悪役,https://popnmusic.fandom.com/wiki/Warudoc
60,スミレ,女,勝ち気・厳格・悪役志向,D：強気・個性型,10代,長いピンク髪・制服・軍団長風,人間,ピンク/灰/黄/赤,普通,ポップ・エレクトロ,クロミミウサギ隊を率い、宇宙の平和を乱すことに情熱を注ぐ。ラーメン店巡りが好き。,https://popnmusic.fandom.com/wiki/Sumire
61,ウオヲ,男,陽気・豪快,D：強気・個性型,成人,魚・コミカル,魚系人外,青/黄,速め,ラテン・コミカル,,https://popnmusic.fandom.com/ja/wiki/%E3%82%A6%E3%82%AA%E3%83%B2
62,ナナ,不明,穏やか・平和主義,B：穏やか・自由型,動物,白いハト・小動物的,ハト,白/灰,普通,ポップ・アンビエント,井の頭公園が生息地。趣味はLove&Peace。,https://popnmusic.fandom.com/wiki/Nana
63,ニナ,女,おっとり・上品,B：穏やか・自由型,10代,かわいい・清楚,人間,桃/白/青,普通,ポップ・ワルツ,,https://popnmusic.fandom.com/ja/wiki/%E3%83%8B%E3%83%8A
64,ペペ,男,優しい・寂しがり・真面目,B：穏やか・自由型,子供,白いペンギン・神父見習い風,ペンギン,白/青/黒,普通〜遅め,アンセム・宗教音楽,ローマ出身、5月12日生まれ。教会掃除と杖磨きが趣味。神父のもとで修行中。,https://popnmusic.fandom.com/wiki/PePe
65,プリンスM,男,愛情深い・ロマンチスト,B：穏やか・自由型,成人,王子・コミカル,宇宙人/人外系,桃/白/青,普通,ラウンジ・ポップ,,https://popnmusic.fandom.com/ja/wiki/%E3%83%97%E3%83%AA%E3%83%B3%E3%82%B9M
66,シャラ,女,華やか・快活,A：明朗・活発型,若者,ダンサー・スタイリッシュ,人間,紫/桃/青,速め,ダンス・ラテン,,https://popnmusic.fandom.com/ja/wiki/%E3%82%B7%E3%83%A3%E3%83%A9
67,ヨシオ,男,熱血・忍者好き・素直,D：強気・個性型,成人,忍者風・少年,人間／忍者,赤/白/黒,速め,和風コミカル・メタル,隠れ里出身。シノビアンのグッズ収集が趣味、卓球とふりかけ（のりたま）が好き,https://popnmusic.fandom.com/wiki/Yoshio
68,ユンタ,男,おおらか・素直,B：穏やか・自由型,10代,少年・民族風,人間,緑/黄,普通〜速め,民族・ポップ,,https://popnmusic.fandom.com/ja/wiki/%E3%83%A6%E3%83%B3%E3%82%BF
69,マリィ,女,大人っぽい・おしゃれ,B：穏やか・自由型,若者,美人・都会的,人間,赤/黒,普通,ジャズ・ポップ,,https://popnmusic.fandom.com/ja/wiki/%E3%83%9E%E3%83%AA%E3%82%A3
70,クラフト,男,職人気質・穏やか,B：穏やか・自由型,成人,職人・コミカル,人間,茶/黄,普通,ポップ・フォーク,,https://popnmusic.fandom.com/ja/wiki/%E3%82%AF%E3%83%A9%E3%83%95%E3%83%88
71,オリビア,女,優雅・社交的,A：明朗・活発型,若者,エレガント・美人,人間,紫/白/金,普通,ラウンジ・ディスコ,,https://popnmusic.fandom.com/ja/wiki/%E3%82%AA%E3%83%AA%E3%83%93%E3%82%A2
72,レイブガール,女,クール・自由奔放,B：穏やか・自由型,若者,クラブ系・スタイリッシュ,人間,黒/赤/青,速め,レイヴ・テクノ,,https://popnmusic.fandom.com/ja/wiki/%E3%83%AC%E3%82%A4%E3%83%96%E3%82%AC%E3%83%BC%E3%83%AB
73,バンブー,男,豪快・陽気,D：強気・個性型,成人,ワイルド・コミカル,人間,緑/黄,速め,ロック・ジャズ,,https://popnmusic.fandom.com/ja/wiki/%E3%83%90%E3%83%B3%E3%83%96%E3%83%BC
74,チャーリー,男,冷静・任務遂行型,C：冷静・知性型,成人,スパイ・クール,人間,黒/灰/青,普通,ジャズ・アクション,,https://popnmusic.fandom.com/ja/wiki/%E3%83%81%E3%83%A3%E3%83%BC%E3%83%AA%E3%83%BC
75,ディーノ,男,元気・遊び好き・いたずら好き,B：穏やか・自由型,少年,小型の緑色の恐竜・赤い目・王冠や魔法の杖,恐竜,緑/赤/黄/紫,普通〜速め,ファンタジー・マーチ・メルヘン,メルヘン王国の王子。150cmのベビーダイナソー。ビデオゲーム好きで、勉強より遊ぶことが好き。,https://popnmusic.fandom.com/wiki/Dino
76,キャンディ,女,明るい・おちゃめ,A：明朗・活発型,10代,かわいい・ポップ,人間,桃/黄,速め,ポップ・ガールズ,,https://popnmusic.fandom.com/ja/wiki/%E3%82%AD%E3%83%A3%E3%83%B3%E3%83%87%E3%82%A3
77,サイバー,男,クール・機械的,B：穏やか・自由型,若者,メカ・未来的,人間/サイバー系,青/銀/黒,速め,テクノ・デジタル,,https://popnmusic.fandom.com/ja/wiki/%E3%82%B5%E3%82%A4%E3%83%90%E3%83%BC
78,ドナ,女,大人っぽい・快活,A：明朗・活発型,若者,スタイリッシュ,人間,赤/黒/白,普通,ディスコ・ポップ,,https://popnmusic.fandom.com/ja/wiki/%E3%83%89%E3%83%8A
79,ペロ,男,陽気・サービス精神旺盛・芸達者,A：明朗・活発型,若者,赤髪・舞台衣装・エンターテイナー風,人間,赤/黄/白/黒,普通〜速め,クラウン・パンク・舞台音楽,サンフランシスコ出身、10月6日生まれ。パントマイムが趣味。舞台で観客を笑顔にするエンターテイナー。,https://popnmusic.fandom.com/wiki/Pelo
80,ピーワン&ピーツー,不明,元気・コミカル,B：穏やか・自由型,子供〜10代,コミカル・ペアキャラ,人間/マスコット系,青/赤/黄,速め,ポップ・コミカル,,https://popnmusic.fandom.com/ja/wiki/%E3%83%94%E3%83%BC%E3%83%AF%E3%83%B3%26%E3%83%94%E3%83%BC%E3%83%84%E3%83%BC
81,神風トオル,男,熱血・一直線,D：強気・個性型,若者,ワイルド・ロック系,人間,赤/黒,速め,ロック・ラウド,,https://popnmusic.fandom.com/ja/wiki/%E7%A5%9E%E9%A2%A8%E3%83%88%E3%82%AA%E3%83%AB
82,ベル,女,上品・落ち着き,B：穏やか・自由型,若者,フランス風・美人,人間,紫/白/青,普通〜遅め,シャンソン・ラウンジ,リエ・さなえとフランスで友人になった。,https://popnmusic.fandom.com/ja/wiki/%E3%83%99%E3%83%AB
83,リサ,女,明るい・快活,A：明朗・活発型,若者,ポップ・都会的,人間,赤/桃,普通,ポップ・ディスコ,,https://popnmusic.fandom.com/ja/wiki/%E3%83%AA%E3%82%B5
84,マコト,男,真面目・穏やか,B：穏やか・自由型,若者,爽やか・学生風,人間,青/緑,普通,ポップ・ロック,,https://popnmusic.fandom.com/ja/wiki/%E3%83%9E%E3%82%B3%E3%83%88
85,マッチュッチュ,不明,無邪気・コミカル,B：穏やか・自由型,不明,小動物的・コミカル,不明/人外系,黄/赤/白,速め,コミカル・ポップ,,https://popnmusic.fandom.com/ja/wiki/%E3%83%9E%E3%83%83%E3%83%81%E3%83%A5%E3%83%83%E3%83%81%E3%83%A5
86,ジェニファー,女,快活・行動的,A：明朗・活発型,若者,カラフル・ファッション系,人間,黄/赤/青,速め,ダンス・ポップ,,https://popnmusic.fandom.com/ja/wiki/%E3%82%B8%E3%82%A7%E3%83%8B%E3%83%95%E3%82%A1%E3%83%BC
87,？（ハテナ）,不明,無機質・神秘的,C：冷静・知性型,不明,黒い影・不定形,精霊/影,黒/白,速め,テクノ・実験的,MZDの影。,https://popnmusic.fandom.com/wiki/Hatena
88,かおりん,女,恋愛観察好き・明るい,A：明朗・活発型,若者,かわいい・観察者風,人間,茶/白/桃,普通,ハッピーラブゲイザー・ポップ,恋愛観察が趣味。,https://popnmusic.fandom.com/wiki/Kaorin
89,レオン,男,ミステリアス・クラブ好き・おしゃれ,C：冷静・知性型,若者,ピンク髪・カメレオン風フード,人間,シアン/黄/紺/ピンク,速め,ディスコ・ダンス,東京出身。クラブ通いと買い物が趣味。,https://popnmusic.fandom.com/wiki/Leon
90,パク,男,おおらか・コミカル,B：穏やか・自由型,成人,動物的・コミカル,人外系,黄/茶,普通〜速め,ラテン・コミカル,,https://popnmusic.fandom.com/ja/wiki/%E3%83%91%E3%82%AF
91,エルム,女,不思議・悪夢的・コミカル,B：穏やか・自由型,不明,ピンク＆シアン髪・角・三つ目・蹄,キメラ,ピンク/シアン/紺/紫,普通〜速め,ダーク・ファンタジー・エレクトロ,赤い液体入りの意思を持つ丸型フラスコが友人。,https://popnmusic.fandom.com/wiki/Elem
92,ニア,女,内気・繊細,B：穏やか・自由型,10代,中性的・幻想的,人間,灰/紫,普通〜遅め,エレクトロ・幻想,対人が苦手。,https://popnmusic.fandom.com/wiki/Nia
93,アカツキ,男,穏やか・自然を愛する,B：穏やか・自由型,成人,白髪・黄色い目・神秘的,神（God）,白/黄/緑/黒,遅め〜普通,自然・幻想・エスニック,華山（Mount Hua）出身、11月14日生まれ。森・動物・自然を好み、人間による森林破壊を嫌う。,https://popnmusic.fandom.com/wiki/Akatsuki_%28character%29
94,アーク,男,若者・冒険心旺盛,B：穏やか・自由型,不明,銀髪・細身・エルフ・青い目,エルフ,銀/青/白,普通〜速め,ファンタジー・幻想・民族音楽,Alda City出身。奇跡の泉を求め旅をするエルフ。,https://popnmusic.fandom.com/wiki/Ark
95,メリッサ,女,勝ち気・冒険好き・活発,D：強気・個性型,若者,金髪ロング三つ編み・エルフ・騎士風,エルフ,黄/金/水色,速め,ファンタジー・冒険・クラシック,妖精の国出身。剣術を練習し、城の騎士になることを夢見る。,https://popnmusic.fandom.com/wiki/Melissa
96,シオン,女,内気・繊細・芯が強い,B：穏やか・自由型,若者,淡い青髪・雪のような幻想的な姿,雪の妖精,水色/淡紫/白,速め,冬・幻想・エレクトロ,ノルウェーの森出身。雪遊びが趣味で、冬を好み春を嫌う。,https://popnmusic.fandom.com/wiki/Shion_%28character%29
97,マナ,女,物静か・神秘的・寂しげ,C：冷静・知性型,不明,白い肌・青髪・人魚の尾・海の装飾,人魚,青/白/紫,速め,幻想・海洋・スプラッシュ系,アリューシャン列島出身。深海に住み、人間に見られることを嫌う。アクセサリー作りが趣味。,https://popnmusic.fandom.com/wiki/Mana_%28character%29
98,エステル,女,好奇心旺盛・職人気質・友好的,B：穏やか・自由型,若者,淡い金髪・エルフ・機械の義手,エルフ,淡黄/緑/白/橙,普通,ファンタジー・テクノ・民族音楽,エルフの村出身。自然と技術が共存する町で、失われた古代技術から腕を作った。機械いじりが趣味。,https://popnmusic.fandom.com/wiki/Estel
99,シルビア,女,内気・穏やか・自然を愛する,B：穏やか・自由型,不明,金髪・花冠・蝶のような翼,妖精,緑/黄/金/白,普通〜遅め,森・バレエ・幻想,ドナウ川近くの森出身。友達と踊ることが趣味。きれいな水を好み、森林伐採を嫌う。,https://popnmusic.fandom.com/wiki/Silvia
100,チク・タク,不明,おだやか・寂しがり・神秘的,C：冷静・知性型,不明,小さな黒いネズミ風・金髪・時計職人風の衣装,妖精,黒/茶/赤/金,普通,童話・時計・幻想,スイス出身。大時計を守る小さな時間の妖精。編み物が趣味で、暖炉の光が好き。,https://popnmusic.fandom.com/wiki/Tiku-Taku
101,にんじん,女,子供っぽい・自信家・少し尊大,D：強気・個性型,不明,紫髪・ひな人形風・和装・大きな黄色いリボン,人形,紫/黄/赤/黒,普通,童話・ダークファンタジー・幻想,生きた人形で、童話とチョコレートが好き。,https://popnmusic.fandom.com/wiki/Ninjin
102,キララ,女,明るい・アイドル気質・努力家,A：明朗・活発型,若者,青緑の短髪・人魚の尾・王冠,人魚,青緑/青/白/ピンク,速め,人魚・アイドル・ポップ,歌の練習に励む水中アイドル。貝殻集めが趣味。,https://popnmusic.fandom.com/wiki/Kirara
103,シエル,女,おっとり・穏やか・無邪気,B：穏やか・自由型,若者,虹色の髪・雲を思わせる衣装,人間,虹/水色/白,普通,メルヘン・空・ファンタジーポップ,雲の上に住む少女。妖精テルテルと仲良しで、一緒に風に乗って暮らす。,https://popnmusic.fandom.com/wiki/Ciel
104,ア・ミリア,女,神秘的・優雅,C：冷静・知性型,若者,天使的・幻想的,天使/精霊,白/金/青,普通〜遅め,幻想・クラシック,,https://popnmusic.fandom.com/wiki/A_Milia
105,レナ,女,クール・勝ち気・ステージでは情熱的,D：強気・個性型,若者,黒髪ポニーテール・ゴシック・ロック,人間,黒/紫/白,速め,ロック・ガールズロック,ロックスター兼ギタリスト。,https://popnmusic.fandom.com/wiki/Lena
106,イリス,女,神秘的・静か,C：冷静・知性型,若者,幻想的・神話的,神秘系,紫/青/白,普通〜遅め,幻想・エレクトロ,,https://popnmusic.fandom.com/wiki/Irys
107,ローズマリー,女,知的・魔女らしい・気まぐれ,C：冷静・知性型,不明,魔女・幻想的,魔女,紫/黒/赤,普通,魔法・幻想・ダーク,,https://popnmusic.fandom.com/wiki/Rosemary
108,テンコ,女,明るい・活発,A：明朗・活発型,不明,和装・狐/妖怪モチーフ,妖怪/狐系,赤/白/黒,速め,和風・ファンタジー,,https://popnmusic.fandom.com/wiki/Tenko
109,ひな,女,かわいい・明るい,A：明朗・活発型,子供,オレンジ髪・触角・蜂を思わせる姿,ハチ（女王バチの子）,桃/赤/白,普通,和風・メルヘン,メルヘン王国のお花畑を治める女王ばちの赤ちゃん。やんちゃで活発。,https://popnmusic.fandom.com/wiki/Hina
110,アイリーン,女,豪快・自由奔放・冒険好き,D：強気・個性型,若者,海賊風・船乗り風,人間,赤/黒/白/金,速め,海賊・ロック・アドベンチャー,海賊系キャラクター。,https://popnmusic.fandom.com/wiki/Eileen
111,ノネット,女,優雅・幻想的,B：穏やか・自由型,若者,童話・メルヘン風,人間/幻想系,白/青/金,普通,メルヘン・幻想,,https://popnmusic.fandom.com/wiki/Nonet
112,バウンティ,男2人組,豪快・熱血・サービス精神旺盛,D：強気・個性型,成人,キツネと犬のロックデュオ,キツネ＋犬,茶/白/黒/青,速め,ロック,キツネと犬の2人組、日本のロックシーンのデュオ。,https://popnmusic.fandom.com/wiki/Bounty
113,ロード・メー,不明,威厳・神秘的,C：冷静・知性型,老人,王侯・異世界風,人外/幻想系,紫/金/黒,普通,ファンタジー・幻想,,https://popnmusic.fandom.com/wiki/Lord_Meh
114,マタ・ハリ,男,妖艶・神秘的,C：冷静・知性型,成人,異国風・舞姫,人間,赤/紫/金,普通〜速め,エキゾチック・ダンス,,https://popnmusic.fandom.com/wiki/Mata_Hari
115,ピュアクル♥リップ,女,元気・正義感が強い,D：強気・個性型,10代,魔法少女,人間/魔法少女,桃/白/赤,速め,魔法少女・ポップ,魔法少女系キャラクター。,https://popnmusic.fandom.com/wiki/Purecul♥Lip
116,ハッシュマン,男,陽気・ノリノリで自信たっぷり（アップテンポな音楽で別人格のように振る舞う）,A：明朗・活発型,成人,長いドレッドヘア・日焼けした肌・パイプをくわえ、自作の太鼓を叩いて踊る,人間,黒/白/紫,普通,ラウドビーチ（ノリノリ系・陽気なビーチサウンド）,陽気な音楽が流れると自信たっぷりな別人格のようになる,https://popnmusic.fandom.com/wiki/Hushman
117,エッダ,男,内気・繊細,B：穏やか・自由型,若者,北欧風・動物的,人間/人外系,青/白/茶,普通〜遅め,北欧・幻想・フォーク,,https://popnmusic.fandom.com/wiki/Edda
118,ハーピア,女,妖艶・気まぐれ,B：穏やか・自由型,若者,翼・鳥人・怪物的,ハーピー,紫/青/黒,速め,神話・ダークファンタジー,ハーピー系の神話的キャラクター。,https://popnmusic.fandom.com/wiki/Harpya
119,ノルニル,女,神秘的・荘厳,C：冷静・知性型,不明,北欧神話・女神風,女神/神話系,白/青/金,遅め〜普通,北欧神話・幻想,北欧神話のノルンをイメージしたキャラクター。,https://popnmusic.fandom.com/wiki/Nornir
120,テテ＆トト,不明2人組,無邪気・コミカル,B：穏やか・自由型,子供,小人・妖精風,妖精/小人系,緑/黄/赤,速め,童話・コミカル・ファンタジー,2人組のメルヘン系キャラクター。,https://popnmusic.fandom.com/wiki/Tete_%26_Toto
121,勇者ああああ,男,熱血・単純明快・冒険好き,D：強気・個性型,成人,勇者・RPG主人公風,人間,赤/青/金,速め,RPG・ファンタジー・ロック,,https://popnmusic.fandom.com/wiki/Yushaaaaa
122,フローラ,女,優しい・自然を愛する,B：穏やか・自由型,若者,花・植物・妖精風,妖精,緑/黄/白,普通〜遅め,自然・幻想,自然系ファンタジー候補。,https://popnmusic.fandom.com/wiki/Flora
123,酒呑雷牙,男,豪快・酒好き・武人肌,D：強気・個性型,若者,鬼・和風・筋骨隆々,鬼,赤/黒/金,速め,和風・ロック・鬼,酒呑童子を思わせる鬼系キャラクター。,https://popnmusic.fandom.com/wiki/Raiga_Shuten
124,影虎,男,寡黙・武人・忠義,C：冷静・知性型,成人,虎・忍者/武士風,虎/人外,黒/黄/赤,速め,和風・忍者・ロック,和風・動物系キャラクター。,https://popnmusic.fandom.com/wiki/Kagetora
125,トリニティ,女,孤独・神秘的・平和を好む,C：冷静・知性型,不明,白髪・ヘルメット・光輪・SF的,宇宙人,白/黄緑/紫,速め,ゴシック・J-Hard Dance・SF幻想,過去の記憶を失い、自分の本当の姿も知らない。,https://popnmusic.fandom.com/wiki/Trinity
126,雷蔵,男,豪快・正義感が強い,D：強気・個性型,若者,和風・妖怪/武者風,妖怪/人外,赤/黒/金,速め,和風・民族・ロック,,https://popnmusic.fandom.com/wiki/Raizou
127,サン,女,穏やか・自然派,B：穏やか・自由型,不明,民族風・自然系,人間/精霊系,緑/茶/黄,普通,民族・フォーク・幻想,,https://popnmusic.fandom.com/wiki/San
128,キャッスル,不明,神秘的・威厳,C：冷静・知性型,成人,城・ファンタジー建築モチーフ,人外/建築系,灰/青/金,普通,ファンタジー・クラシック,,https://popnmusic.fandom.com/wiki/Castle
129,ラーズ,男,自信家・華やか・宇宙スター,D：強気・個性型,青年〜成人,深いマゼンタの髪・宇宙衣装・ロケットマイク,ヒューマノイド宇宙人,マゼンタ/水色/白,速め,宇宙・トランス・エレクトロ,太陽系をライブツアーする人気歌手。,https://popnmusic.fandom.com/wiki/Rars
130,ステラ,男,冒険好き・自由奔放,B：穏やか・自由型,青年,ライムグリーンの髪・宇宙服風,宇宙人,緑/青/白,速め,宇宙・テクノ・トランス,シリウスの弟。観光飛行が趣味。,https://popnmusic.fandom.com/wiki/Stella
131,シリウス,男,冷静・冒険家気質,C：冷静・知性型,青年〜成人,青髪・宇宙服・杖を持つ,宇宙人,青/白/金,速め,宇宙・トランス・幻想,宇宙を旅するキャラクター。ステラの兄。,https://popnmusic.fandom.com/wiki/Sirius
132,フォトン,女,神秘的・優雅,C：冷静・知性型,成人,光・天体・女神的な姿,神/女神,白/金/水色,普通〜遅め,幻想・神秘・宇宙,宇宙・天空をイメージする神秘系キャラクター。,https://popnmusic.fandom.com/wiki/Photon
133,ルル,女,明るい・好奇心旺盛,B：穏やか・自由型,少女〜青年,星・銀河モチーフの少女,宇宙人/星の王女,紫/桃/青,速め,宇宙・サイケ・トランス,銀河の星のお姫様。宇宙ファンタジー系キャラクター。,https://popnmusic.fandom.com/wiki/Lulu
134,コペル,女,おっとり・ふわふわ・天然,B：穏やか・自由型,少女〜青年,淡い色の宇宙人少女・UFO風,宇宙人,水色/白/桃,普通,宇宙・ポップ・ファンタジー,遠い惑星の王女。地球に墜落して記憶を失った宇宙人。,https://popnmusic.fandom.com/wiki/Copel
135,メテオ,男,熱血・音楽好き,D：強気・個性型,青年,宇宙人・ギタリスト風,宇宙人,赤/青/黒,速め,ロック・宇宙・ハードロック,宇宙人＋ギターのロック系キャラクター。,https://popnmusic.fandom.com/wiki/Meteor
136,星のひと,不明,穏やか・神秘的,C：冷静・知性型,不明,星・宇宙を思わせる抽象的な姿,宇宙人/星系,青/白/黄,遅め〜普通,幻想・宇宙・アンビエント,星・宇宙を強くモチーフとするキャラクター。,https://popnmusic.fandom.com/wiki/Hoshi_no_Hito
137,ベラ,女,優雅・知的,C：冷静・知性型,成人,宇宙服・ピアニスト風,宇宙人,紫/青/白,普通,宇宙・ダンス・エレクトロ,宇宙を舞台にした音楽系キャラクター。,https://popnmusic.fandom.com/wiki/Bella
138,ウォーカー,男,穏やか・寡黙・知的,C：冷静・知性型,不明,人型の惑星・惑星リング,惑星（Planet）,紫/青/緑/灰,普通〜遅め,レトロフューチャー・SFロック,無重力世界を漂い、美しい惑星を探している。,https://popnmusic.fandom.com/wiki/Walker
139,ニコ,男,陽気・親しみやすい,A：明朗・活発型,少年,宇宙人・レトロSF風,宇宙人,黄/青/赤,速め,レトロ・ポップ・宇宙,火星生まれの宇宙人として知られるキャラクター。,https://popnmusic.fandom.com/wiki/Nico
140,アゲハ,女,快活・ダンス好き,A：明朗・活発型,成人,蝶・宇宙/未来風,人間/宇宙系,紫/青/桃,速め,ダンス・ポップ・SF,宇宙・未来的な意匠を持つキャラクター。,https://popnmusic.fandom.com/wiki/Ageha
141,パル,不明,無機質・素直,B：穏やか・自由型,少年,小型ロボット・未来的,ロボット,銀/青/白,速め,テクノ・SF,宇宙・SF系のロボットキャラクター。,https://popnmusic.fandom.com/wiki/Pal
142,ビス子,女,元気・好奇心旺盛・ゲーム好き,B：穏やか・自由型,少女〜青年,猫耳・淡橙色の髪・アンドロイド,アンドロイド,橙/黄/ライム/シアン,速め,エレクトロ・デジタル・SF,。地球から22億光年離れた惑星から来て、音の動画像を集めている。,https://popnmusic.fandom.com/wiki/BisCo
143,スペース＠マコ,女,正義感が強い・元気,D：強気・個性型,青年〜成人,宇宙ヒロイン・SFスーツ,人間/宇宙ヒロイン,青/白/赤,速め,スペース・ポップ・SF,,https://popnmusic.fandom.com/wiki/Space%40Mako
144,流星ハニー,女,元気・情熱的・ヒロイン気質,D：強気・個性型,青年〜成人,流星・宇宙ヒロイン風,宇宙人/宇宙ヒロイン,桃/青/黄,速め,ハッピー・宇宙・ポップ,星・流星をモチーフにした宇宙系ヒロイン。,https://popnmusic.fandom.com/wiki/Ryusei_Honey
145,ジャスティス★,男,自信家・クール・ステージ映えを意識,D：強気・個性型,成人,黒髪・サングラス・黒いコートなどのクールな衣装,人間,黒/灰/白,速め,J-ロック・ビートロック,群馬県出身。作曲や撮影が趣味。高いところが苦手。誕生日は6月4日。,https://popnmusic.fandom.com/wiki/Justice%E2%98%85
146,ケイゴ★,男,ファン気質・素直・憧れの人に弱い,B：穏やか・自由型,青年,淡い茶色の髪・琥珀色の目・アイドル風の服装,人間,茶/琥珀/白,速め,J-ロック,ブログでファンと交流するのが趣味。ジャスティス★の大ファンで、トマトが苦手。,https://popnmusic.fandom.com/wiki/Keigo%E2%98%85
147,カポーン,不明,働き者・親しみやすい・ユーモラス,B：穏やか・自由型,不明,銭湯をモチーフにしたロボット,ロボット,青/白/赤,速め,テクノ・和風・コミカル,せんとう銭湯ロボ。,https://popnmusic.fandom.com/wiki/Kapooon
148,クモハさん,男,まじめ・温和,B：穏やか・自由型,成人,黄色い電車の頭・青いスーツ・オレンジのネクタイ・書類かばん,人型の電車,黄/青/白/橙,普通,鉄道・テクノ,山口県出身。週末のゴルフが趣味で、妻と息子が好き。味の濃い食べ物が苦手。,https://popnmusic.fandom.com/wiki/Kumoha-san
149,こうもりおとこ,男,紳士的・誘惑的・ミステリアス,C：冷静・知性型,成人,灰白色の肌・青い目・黒髪。白いスーツと黒い傘、変身時は黒い翼と尾,コウモリ（悪魔的な存在の可能性あり）,白/黒/青/灰,速め,ロック・ダーク・ゴシック,淑女の涙が好きな伝奇小説に出てきそうなちょいワル紳士さん。,https://popnmusic.fandom.com/wiki/Koumori_Otoko
150,さったん,男,陽気・活発（暫定）,A：明朗・活発型,不明,Wiki掲載ビジュアルを要確認,不明,未確認,未確認,ポップ系（暫定）,,https://popnmusic.fandom.com/wiki/Sattan
151,ルート＠超ドー研,女,天才肌・理系・少し残念な一面,C：冷静・知性型,少女〜若者,黒髪ツインテール・眼鏡・白衣・制服,人間,黒/白/青/灰/紫,普通,サイエンス・ポップ／テクノ系,超電子ドーナツ研究部員。数学・トポロジー・ドーナツに関心。,https://popnmusic.fandom.com/wiki/Root@Chodooken
152,ロミ夫,男,気取った・ハードボイルド風・派手好き,D：強気・個性型,若者〜成人,茶髪・日焼け肌・白いスーツ,人間,茶/白/黒/金,普通,ムードテクノ・ラテン/ダンス系,ライター収集、光るもの好き。,https://popnmusic.fandom.com/wiki/Romio
153,チャラ王,男,軽薄・社交的・自信家,D：強気・個性型,若者,金髪（黒い根元）・日焼け肌・アクセサリー,人間,金/黒/白/紫,普通〜速め,チャラ系ポップ／ダンス系,ロミ夫と親族。自撮りや夜遊びが特徴として描かれる。,https://popnmusic.fandom.com/wiki/Chara-O
154,DJつよし,男,情熱的・音楽好き・ステージ好き,A：明朗・活発型,若者〜成人,オリーブ色の髪・緑の目,人間,オリーブ/緑/黒,速め,青春ロック・ロック系,レコードスクラッチが好き。,https://popnmusic.fandom.com/wiki/DJ_Tsuyoshi
155,ドゥーム,不明,打楽器好き・闘志がある（暫定）,D：強気・個性型,不明,動くドラムセット・青い目,ドラムセット（おばけ打楽器）,青/黒/赤,速め,ケンカドラム・打楽器系,ハイハットの掃除が趣味、争いは苦手。,https://popnmusic.fandom.com/wiki/Dooooom
156,どすえ,女,不明（Wiki要確認）,B：穏やか・自由型,不明,Wiki掲載ビジュアルを要確認,不明,未確認,未確認,未確認,,https://popnmusic.fandom.com/wiki/Dosue
157,デボラ,女,物静か・一途・哀愁を帯びた,C：冷静・知性型,成人相当（生前年齢不明）,ダークブロンドの長髪・青灰色の肌・白いウェディングドレス,アンデッド,白/灰/赤/金,遅め,ゴシック・メランコリック,亡くなった婚約者を待ち続ける。,https://popnmusic.fandom.com/wiki/Deborah
158,ジャック,男,執念深い・任務に忠実・寡黙な印象,D：強気・個性型,若者,白髪・赤い目・ガスマスク・酸素ボンベ。灰色と赤の服,人間,白/赤/灰/黒,速め,ミクスチャー・ロック系,異世界から来た人物。上司はヴィルヘルム。赤いヘルメットの人物を追っている。誕生日表記は6月12日。,https://popnmusic.fandom.com/wiki/Jack_%28character%29
159,マモルくん,男,真面目・勉強熱心・恋に夢中になるとぼんやり,C：冷静・知性型,少年,黒髪の学生。学生服姿,人間,黒/白/紺,普通,青春ポップ・ラブソング系,東京都文京区出身。推理小説を読むのが趣味。好きな子に見とれて先生に怒られることも。誕生日5月3日。,https://popnmusic.fandom.com/wiki/Mamoru-kun
160,みここ,女,少しおませ・親しみやすい・食いしん坊,A：明朗・活発型,少女,紫がかった黒髪のツインテール、巫女装束、ほうき,人間,紫/黒/朱/白,普通,和風・ポップ,町の神社で巫女をしている。花より団子な年頃。,https://popnmusic.fandom.com/wiki/Mikoko
161,一条司令,男,厳格・規律重視・指揮官気質（暫定）,D：強気・個性型,成人,軍人・司令官風の衣装（要確認）,人間（暫定）,黒/緑/灰,普通〜速め,モダン・ピアノテック,,https://popnmusic.fandom.com/wiki/Mr._Ichijo
162,ミステルフンガーノ,不明,陽気・人懐っこい・少し不思議（暫定）,B：穏やか・自由型,成人相当,奇抜な衣装・大きな鼻が特徴（要確認）,ロボット,赤/黄/黒（暫定）,普通,コミカル・ポップ系（暫定）,,https://popnmusic.fandom.com/wiki/Mr._Fungano
163,ミスターカツっ子,男,元気・食いしん坊・庶民的（暫定）,A：明朗・活発型,成人相当,カツ料理をモチーフにしたコミカルな姿（要確認）,人外（カツ丼モチーフの頭部）,茶/黄/赤（暫定）,普通〜速め,コミカル・和風ポップ（暫定）,ミスターそばっ子の兄で、エビフライとトンカツの丼の頭を持つキャラクター。,https://popnmusic.fandom.com/wiki/Mr._Katucco
164,グレン,男,クール・冒険好き・食への関心も強い,C：冷静・知性型,若者,空を旅する冒険者風。細部はWiki参照,人間,青/白/茶,普通〜速め,冒険・ファンタジー系,空を旅し、空飛ぶクジラを追う冒険者。,https://popnmusic.fandom.com/wiki/Glen
165,グランドハンマー,不明,激しい演奏を好む・自立的・ネズミに友好的,D：強気・個性型,不明,黄色い目と口ひげのある濃紺の自動演奏ピアノ。内部は紫、上に花瓶,憑依したピアノ,紺/紫/黄/緑,速め,ハードPƒ・激しいピアノ曲,自分で演奏し、ネズミを友達として好む。磨きすぎは苦手。,https://popnmusic.fandom.com/wiki/Grand_Hammer
166,エフ ・ トレイン,不明,疾走感・自由さ・旅情（暫定）,B：穏やか・自由型,不明,列車をモチーフにしたキャラクター（要確認）,列車モチーフ（暫定）,未確認,速め,鉄道・テクノ系（暫定）,,https://popnmusic.fandom.com/wiki/F-Train
167,フロウフロウ,プログラム上は女,儚げ・不思議・感情が揺れ動く印象,C：冷静・知性型,不明,マゼンタ系の髪と目、青系の帽子・衣装。ホログラムとして浮遊,ホログラム,マゼンタ/水色/青/白,普通,テクノ・エレクトロニカ・切ないポップ,ホログラムの投影少女。実体をつかめず、話すことも触れることもできない設定。誕生日2月6日。,https://popnmusic.fandom.com/wiki/Flow_Flow
168,ホット.D,男,情熱的・ワイルド・音楽に熱い,D：強気・個性型,青年,犬の青年。ヘビメタバンドのボーカルらしいワイルドな姿,犬（擬人化）,黒/赤/黄,速め,ヘヴィメタル・ハードロック,ヘビメタバンド「ketchup 'n' mustard」のリードボーカル。,https://popnmusic.fandom.com/wiki/Hot.D
169,壱ノ妙,不明,不気味・無邪気・どこか哀愁がある,D：強気・個性型,不明,青白い肌、赤い目、黒髪。片側に黒い袖と赤い花飾り,人形（雨人形）,黒/赤/白,遅め,エレジィ・ゴシック・ダーク系,正式名称は雨人形壱ノ妙。頭が回転するからくり人形。出身地は京都市。,https://popnmusic.fandom.com/wiki/Ichi_No_Myou
170,育江,女,穏やか・母性的・幸せを探し続ける,B：穏やか・自由型,成人,淡い灰色の長髪、淡い青の目、白いワンピースと黄色い帽子。赤ん坊を抱いている,人間,白/灰/水色/黄,遅め,叙情的・ゴシック・ピアノ系,日本出身。趣味は子育て。子どもの幸せを願いながら旅をしている。誕生日4月12日。,https://popnmusic.fandom.com/wiki/Ikue
171,イズミさん,女,落ち着いている・面倒見がよい・大人っぽい,B：穏やか・自由型,成人,茶髪のお団子ヘア、紫の眼鏡、ストライプのシャツとエプロン,人間,茶/紫/紺/白,普通,ユーロピッコラ・おしゃれなポップ,東京・台東区出身。映画鑑賞、音楽鑑賞、昼寝が趣味。温かいコーヒーやチャイが好き。誕生日1月23日。,https://popnmusic.fandom.com/wiki/Izumi-san
172,カガミ,女,静か・優雅・感情豊か,B：穏やか・自由型,若者,深い梅色の長いポニーテール、ターコイズ色の目、水色と薄桃色の着物,人間,梅/水色/薄桃/赤/金,普通,和風・幻想的・舞踊系,海を静かに好み、荒れた海を苦手とする。趣味は踊り。出身地は海神村、誕生日10月7日。,https://popnmusic.fandom.com/wiki/Kagami
173,轟競,男,勝負好き・熱血・競争心が強い（暫定）,D：強気・個性型,若者,詳細な外見はWiki要確認,人間（暫定）,赤/黒/白（暫定）,速め,レース・スポーツ系（暫定）,,https://popnmusic.fandom.com/wiki/Kisou_Todoroki
174,ナイト,男,騎士道精神・忠実・寡黙（暫定）,D：強気・個性型,老人,騎士を思わせる姿（詳細要確認）,人間（暫定）,銀/黒/青（暫定）,普通〜速め,ファンタジー・ロック系（暫定）,,https://popnmusic.fandom.com/wiki/Knight
175,小坊主,男,不思議・含みのある話し方・説教好き,C：冷静・知性型,少年の姿,黒い乱れ髪、黒い大きな目、白い小袖、錫杖,人間,黒/白,遅め,神曲・和風・荘厳系,出身地は涅槃。巡礼が趣味で説法が好き。,https://popnmusic.fandom.com/wiki/Kobozu
176,カンタ,不明,無口・不思議・神秘的,C：冷静・知性型,不明,黒いとがった髪、小さな黒い目、黒い体に茶色の縁取りの小さな人形,操り人形,黒/茶/白,普通,ナイトメア・幻想的・ダーク系,横浜出身。人形のロッテに見つけられ、世話をされている。関節を逆に曲げるダンスが趣味。誕生日9月6日。,https://popnmusic.fandom.com/wiki/Kanta
177,白鳥姫子,女,清楚・上品・おだやか（暫定）,B：穏やか・自由型,子供,白鳥を思わせる上品な装い（要確認）,人間（暫定）,白/淡色（暫定）,普通,不明,,https://popnmusic.fandom.com/wiki/Himeko_Shiratori
178,ヒグラシ,不明,不明（要確認）,C：冷静・知性型（暫定）,成人,不明,不明,不明,不明,不明,,https://popnmusic.fandom.com/wiki/Higurashi
179,愛子,女,知的・教養を大切にする・恋愛に前向き,C：冷静・知性型,若者,茶髪・ポニーテール・赤いドレスとショール,人間,赤/橙/白/緑,普通,歌謡・和風,銀座出身。勉強や教養を大切にし、お見合いより自分で恋を見つけたい。,https://popnmusic.fandom.com/wiki/Aiko
180,アントニオ,男,伊達・情熱的・恋に一途,D：強気・個性型,成人,長髪を束ねた姿・仮面・サーベル,人間,白/紺/赤/茶,普通〜速め,ラテンロック・ラテン系,スペイン生まれ。旅行中に出会ったファニータに一目惚れ。,https://popnmusic.fandom.com/wiki/Antonio
181,ケンジ,男,穏やか・音楽好き・少し物思い,B：穏やか・自由型,若者,黒髪・白いシャツ・ギター,人間,黒/白/青,普通,フォークロック,大学近くに下宿する青年。猫や近所の人々がギター演奏を楽しみにしている。,https://popnmusic.fandom.com/wiki/Kenji
182,鉄男,男,熱血・頼りがいがある・豪快,D：強気・個性型,成人,がっしりした体格・ひげ・ヘルメット・作業着,人間,赤/白/紫/茶,速め,土木ロック,超人的な技術を持つ流れの大工職人。現場の人間に頼りにされる。,https://popnmusic.fandom.com/wiki/Tetsuo
183,テルオ,男,一見クールだが情熱的・熱い魂,D：強気・個性型,成人,茶髪・ヘッドバンド・ジャケット,人間,黒/茶/赤/青,普通〜速め,J-オルタナ・ボーカルロック,詩と歌声が魅力の人気ボーカリスト。大人の恋を歌う熱いボーカル。,https://popnmusic.fandom.com/wiki/Teruo
184,てまり,女,寂しがり・健気・内面は前向き,B：穏やか・自由型,子供,黒髪のおかっぱ・濃い色の着物・手まり,幽霊,濃紫/桃/白/青,普通,和風・ダブステップ,幼い少女の姿をした幽霊。兄の帰りを待ち続けている。,https://popnmusic.fandom.com/wiki/Temari
185,テリー66,不明,高性能・レトロ・親しみやすい（暫定）,C：冷静・知性型（暫定）,不明,青い電話機・カラフルなボタン,電話機,青/銀,普通,80年代風ワーク,レトロな外見に似合わない高性能ぶりで知られる電話機。,https://popnmusic.fandom.com/wiki/Telly66
186,テントカント,不明,神秘的・好奇心旺盛・想像力を大切にする,C：冷静・知性型,不明,テント型の体・派手な飾り・手品師風,サーカステント,青緑/黄/多色,普通,トイコンテンポラリー・幾何学系,メルヘン王国の奇術師で、世界を巡り人々と語り合う。,https://popnmusic.fandom.com/wiki/Tent-Kant
187,ツクバ,男,慎重・理論的,C：冷静・知性型,成人,不明,不明,不明,不明,不明,,https://popnmusic.fandom.com/wiki/Tsukuba
188,椿,女,和風・落ち着きがある（暫定）,B：穏やか・自由型（暫定）,若者,和風の装い（要確認）,人間（暫定）,赤/白（暫定）,普通,和風（暫定）,,https://popnmusic.fandom.com/wiki/Tsubaki
189,トア,男,内気・繊細・音楽好き（暫定）,B：穏やか・自由型（暫定）,子供,少年の姿（要確認）,人間（暫定）,青/白（暫定）,普通,ピアノ系（暫定）,内気・繊細・音楽好き,https://popnmusic.fandom.com/wiki/Toa
190,チチカカ,不明,陽気・自然と親しむ（暫定）,A：明朗・活発型（暫定）,不明,民族風の装い（要確認）,不明,多色（暫定）,普通〜速め,民族音楽系（暫定）,,https://popnmusic.fandom.com/wiki/Titicaca
191,ウーノ,男,落ち着き・知的（暫定）,C：冷静・知性型（暫定）,若者,闘牛士の格好,人間（暫定）,青/白（暫定）,普通,アコースティック系（暫定）,,https://popnmusic.fandom.com/wiki/Uno
192,うた,女,控えめ・優しい・音楽好き（暫定）,B：穏やか・自由型（暫定）,10代,少女の姿（要確認）,人間（暫定）,白/青（暫定）,普通,ピアノ・バラード系（暫定）,,https://popnmusic.fandom.com/wiki/Uta_(character)
193,ウェルダン,不明,豪快・食欲旺盛（暫定）,D：強気・個性型（暫定）,不明,燃えている・牛の頭蓋骨・牛の体で二足歩行,人外（暫定）,赤/茶（暫定）,速め,コミカル系（暫定）,,https://popnmusic.fandom.com/wiki/Well-Done
194,ヴィルヘルム,男,威厳・冷静・神秘的（暫定）,C：冷静・知性型（暫定）,成人,黒を基調とした威厳ある装い（要確認）,人間／不明（暫定）,黒/紫（暫定）,普通〜速め,ダーク・クラシック系（暫定）,,https://popnmusic.fandom.com/wiki/Wilhelm
195,ごくそつくん,不明,不気味・独特・コミカル（暫定）,D：強気・個性型（暫定）,不明,独特な人形風の姿（要確認）,人外（暫定）,黒/白（暫定）,普通,コミカル・和風系（暫定）,,https://popnmusic.fandom.com/wiki/Goku-Sotsu-Kun
196,ギタケン,男,音楽好き・陽気（暫定）,A：明朗・活発型（暫定）,10代,高校生の胴着・ギターを持っている,人間（暫定）,茶/黒（暫定）,速め,ギター・ロック系（暫定）,,https://popnmusic.fandom.com/wiki/Gita-Ken
197,若さん,男,親しみやすい・粋（暫定）,B：穏やか・自由型（暫定）,子供,和風の装い（要確認）,人間（暫定）,紺/白（暫定）,普通,和風（暫定）,,https://popnmusic.fandom.com/wiki/Waka-san
198,ＢＥＮ－Ｋ,男,豪快・義理堅い（暫定）,D：強気・個性型（暫定）,成人,鎧・武者風の姿（要確認）,ロボット,黒/赤/金（暫定）,速め,和風ロック系（暫定）,,https://popnmusic.fandom.com/wiki/Ben-K
199,バウム,不明,穏やか・のんびり（暫定）,B：穏やか・自由型（暫定）,不明,木や菓子を思わせる姿（要確認）,人外（暫定）,茶/黄（暫定）,普通,ポップ系（暫定）,,https://popnmusic.fandom.com/wiki/Baum
200,フォース,男,映画好きで、自信家なカウボーイ。Miracle★4のメンバーで、映画スターとしても活動。,D：強気・個性型,成人,日焼けした肌・金髪・黒い目。ピンクと黄色を基調にしたカウボーイハットと衣装、カウボーイ風のチャップス。,人間,ピンク・黄色,速め（担当曲により変動）,サイバーロカビリー／カウボーイ風ロック,誕生日4月16日。趣味は映画鑑賞、好物はチョコレート。,https://popnmusic.fandom.com/wiki/Force
201,ツースト,男,映画スター。新作映画の撮影に熱中し、興奮しすぎて監督に注意されることもある。,A：明朗・活発型,成人,日焼けした肌・茶色の目。白いターバンとゴーグル、紫系のローブ。右手はロボットハンド。,人間,紫・白,速め（担当曲により変動）,サイバーアラビアン／アラビアン系ダンス・高速電子音楽,千葉出身、誕生日2月1日。趣味はバイクレース、好物は温泉。Miracle★4のメンバー。,https://popnmusic.fandom.com/wiki/2st
202,うさぬこ,女,ハイテンションで陽気、妄想気味の自称・宇宙一の人気アイドル。語尾に「ぬ」「ぬん」を付ける。,A：明朗・活発型,不明,赤い長髪をポニーテールにし、左右で色の違う目。王冠やウサギのぬいぐるみを飾り、黄緑色を基調としたカラフルな衣装。,人間,黄緑・赤・ピンク,速め,電波ソング／カラフルでハイテンションなアイドルポップ,埼玉出身、誕生日2月14日。趣味は妖精のウサギについて話すこと。ふわふわした物やキラキラした物が好き。公式情報では新人アイドルだが、本人の妄想的な言動から本当にアイドルかは曖昧とされる。,https://popnmusic.fandom.com/wiki/*Usanuko*
203,エンプレス,不明,詳細未確認。名前のみで人物像を断定せず、公式プロフィールの確認が必要。,未分類,不明,未確認,未確認,,未確認（担当曲・人物の特定が必要）,未確認,,https://popnmusic.fandom.com/wiki/Empress
204,エリカ,女,音楽が生活に欠かせないと考えており、注目の中心にいることが好き。自分の道を自分で切り開くタイプ。,D：強気・個性型,成人（暫定）,くるみ色の髪にピンク・黄緑・濃紺のメッシュ、青緑の目。緑のミニドレスに黒いコートを合わせる。,人間,緑・黒・ピンク,中〜速め（担当曲により変動）,ガールズ・オルタナティブコア／ロック系,ロンドン出身、誕生日4月8日。趣味は音楽。レナがライバルで、注目を集めることが好き。,https://popnmusic.fandom.com/wiki/Erika
205,エクリプス,不明,明確な人格はほとんど描かれず、三日月に由来する謎めいた存在。ラピストリアのキャラクターのラピスを集めるような描写がある。,C：冷静・知性型,不明,顔を覆う灰色の布と帽子、鎧、ブーツ、ぼろぼろのマントをまとった死神風の姿。,死の神（人外）,灰色・黒,速め（担当曲により変動）,ダーク・神秘的な電子音楽／ボス戦風,,https://popnmusic.fandom.com/wiki/Eclipse
206,鴨川研究員,男,研究熱心・知的（大まかな整理）,C：冷静・知性型,成人,研究員らしい服装の男性（細部はWiki画像参照）,人間,白・落ち着いた色（暫定）,中速〜速め（曲による）,研究・実験を思わせるテクノ／電子音楽系,,https://popnmusic.fandom.com/wiki/Kamogawa_Kenkyuuin
207,イオ・ロア,男（両者）,使命感が強い。イオは力で押し進め、ロアは観察・防御寄り,C：冷静・知性型,不明,イオは短い金髪、ロアは長い茶髪を結んでいる。宇宙的・天使風の衣装で、ロアは眼鏡をかけている,天使（2人組）,白・青・紫,中速〜高速（曲による）,神秘的・壮大な高難度系電子音楽／シンフォニック,宇宙の天使で、任務を遂行するために派遣された2人組。イオは10月10日、ロアは4月10日生まれ。,https://popnmusic.fandom.com/wiki/IO-Lower
208,ジン,男,冷静で落ち着いているが、気性は強め。レツとライバル関係,D：強気・個性型,10代（学生風の描写からの目安）,淡い肌・薄いオレンジ色の目・黄緑系の髪。バンダナ、灰色の上着、青系のポンチョ。肩にヤモリを乗せている,人間,黄緑・青・灰色,中速〜速め（曲による）,アラビアン／エキゾチックな民族音楽・ダンス系,砂の国出身で、砂を操る力を持つ。誕生日1月11日。趣味は砂を操ること、好きなものは放浪。レツとライバル関係にある。担当曲は「流離」。,https://popnmusic.fandom.com/wiki/Jin
209,マモル君,男,真面目で勉強熱心だが、好きな女の子が気になって集中できないこともある,C：冷静・知性型,子供,黒髪に大きな丸眼鏡。大きめの白い上着、オレンジ色の蝶ネクタイ、青い短パン,人間,白・水色・オレンジ,中速（曲による）,爽やかなポップス／恋愛・告白モチーフ,とても頭のよい小学生で、読書や図書館のスタンプカードが好き。好きな女の子に見とれて先生に怒られ、勉強に集中しようとすることも,https://popnmusic.fandom.com/wiki/Mamoru-kun
210,武生,男,情熱的でエネルギッシュ。舞台では派手に振る舞うが、時に恥ずかしがり屋,A：明朗・活発型,成人（若者）,黒髪・黒い目。顔に赤い化粧線があり、トランプ柄の旗を飾った京劇風の衣装,人間,赤・黒・金,速め・勢いのあるテンポ（曲による）,中国風ロック／京劇風の華やかなロック,京劇の演者で、中国風ロックを歌う。趣味は歌うこととザリガニを食べること。香水が好きで、パパラッチが苦手。,https://popnmusic.fandom.com/wiki/Wu_Sheng
211,ぐわんぜさま,男,幼く無邪気で不思議な雰囲気。ネズミの友達を大切にする,B：穏やか・自由型,不明,大きく見開いた目、目の下のくま、灰色がかった白い肌。黒髪を紙飾りで結び、赤い帯の白い短衣を着ている,神（人外）,灰色・黒・赤,低速〜中速（曲による）,和風・呪術的で神秘的な民族音楽,遠い国の神社にいる神。誕生日4月9日。趣味はネズミと話すこと、身だしなみを整えることが好きで、腐ったものが苦手。,https://popnmusic.fandom.com/wiki/Guwanzesama
212,まどか,女,大人びていて色気があり、からかうような言動をする。生徒を気にかける一面もある,D：強気・個性型,成人,茶色の巻き髪をポニーテールにし、濃い青緑の目。紫と黒を基調にした大人っぽい衣装,人間,紫・黒,中速〜速め（担当曲による）,ミステリアスで大人びたポップス,,https://popnmusic.fandom.com/wiki/Madoka
213,オフィーリア,女,物静かでゆっくり話す。孤独を感じさせる、時間を見守る存在,B：穏やか・自由型,不明,淡い肌、紫色の目、長い黒〜濃灰色のポニーテール。長い袖のワンピースに赤いリボンと赤い靴,時間を司る精霊（人外寄り）,灰色・紫・赤,低速〜中速（担当曲による）,幻想的・叙情的なピアノ／アンビエント系,時間の隙間を見守る精霊で、砂時計や時間旅行のモチーフがある。,https://popnmusic.fandom.com/wiki/Ophelia
214,レイナ,女,明るく活発（暫定）,A：明朗・活発型,不明,ポップンポータブル系のキャラクター。細部の外見は公式画像参照,人間（暫定）,,中速〜速め（担当曲による）,ポップス／ダンス系（暫定）,,https://popnmusic.fandom.com/wiki/Reina
215,キト,男,旅好きで自由気まま。コンドルとともに旅をする青年,B：穏やか・自由型,10代〜成人（青年）,茶色の短髪と黒い目。コンドルが頭や耳のあたりにとまり、羽を思わせるケープとアンデス風の衣装を着用。弓矢を持つ,人間,茶・赤・白・青,中速（担当曲による）,コンテンポラリーネイション／アンデス・民族音楽系,コンドルと旅をする青年で、趣味はコンドルと旅すること。チチカカと関係がある。,https://popnmusic.fandom.com/wiki/Quito
216,イマ,男,神々に祈りを捧げる孤独な踊り手。愛や自然の恵みを大切にする,B：穏やか・自由型,不明,金髪で青または茶色の目。踊りで意思を伝えるような、不思議で神秘的な姿,不明（神の化身の可能性）,金・青・茶,中速〜速め（曲による）,コンテンポラリーネイション／民族音楽・神秘的な電子音楽,々の頂上出身、誕生日5月4日。趣味は踊ること。愛や神々、大地の豊穣を好み、下品なものが苦手。種族は不明で、神の化身の可能性があるとされる。担当曲「BEYOND THE EARTH」「サヨナラ・ヘヴン」ほか。,https://popnmusic.fandom.com/wiki/Yima
217,ネロ,男,孤高な剣士。仕えるべき王を探して旅をしている,C：冷静・知性型,成人（目安）,青い目の黒い擬人化猫。灰色の口ひげ、大きな羽根飾り風の帽子、黒いマスケット風衣装と銀のレイピア,猫（人外）,黒・灰・フューシャピンク・金,中速〜速め（担当曲による）,哀愁のあるスペイン風／オーケストラルなゲーム音楽,剣術と身だしなみが趣味で、マンチェゴチーズや形のよい帽子が好き。風車が苦手。担当曲「The Sky of Sadness」「竜を狩る者」。,https://popnmusic.fandom.com/wiki/Nero
218,リル,男,元気いっぱいで好奇心旺盛。サーカスを盛り上げる,A：明朗・活発型,子供,小さな白いユニコーン。パステルレインボーのたてがみとカラフルな装飾,ユニコーン,白・虹色・ピンク,速め,ハイテンションなポップ／高速ダンス系,メルヘン王国出身。サーカスが好きで、跳ね回ったり変身したりする。,https://popnmusic.fandom.com/wiki/Lill
219,ちぇるみん,女,夢見がちで甘えん坊な雰囲気。甘いものや甘い味の薬が好き,B：穏やか・自由型,子供〜10代,淡い肌、ピンク髪に白いメッシュ、紫の瞳。翼を思わせる制服と眼帯・包帯,人間,ピンク・水色・紫,中速（担当曲による）,ドリーミーなポップ／甘く幻想的,日記をつけ、天使モチーフのグッズを集める。,https://popnmusic.fandom.com/wiki/Cherumin
220,カウント・テン,男,由緒ある伯爵家の出身ながらロックバンドを率いる変わり者。剣術とクラシック音楽を好む,D：強気・個性型,成人,長身。羊を思わせる白い巻き毛と小さな青い角。黄色いマントとレイピア,人間（羊のような意匠）,白・黄・水色・黒,速め,シンフォニックメタル／クラシックロック,スコットランド・グラスゴー出身、12月10日生まれ。趣味はチェス。,https://popnmusic.fandom.com/wiki/Count._Ten
221,メメ,不明,詳細な性格設定は要確認。既存Wikiのキャラクター項目を参照,B：穏やか・自由型（暫定）,不明,外見の詳細は要確認,不明,不明,不明,担当曲・登場作品の確認が必要,,https://popnmusic.fandom.com/wiki/MeMe
222,マサムネ,男,戦国武将を思わせる、意志の強い人物像（暫定）,D：強気・個性型,成人（暫定）,和風の戦国武将・侍を思わせる衣装（細部要確認）,人間（暫定）,不明,中速〜速め（担当曲による）,和風・戦国／ロック系,,https://popnmusic.fandom.com/wiki/Masamune
223,スケアクローズ,不明／複数,アイドルグループとして明るく歌い踊る。社会への不満や夢を歌に込める,A：明朗・活発型,不明,麦わら帽子と黒いぼさぼさ髪、へのへのもへ顔。複数のかかしで構成されるグループ,かかし,黄土・緑・黒,中速（担当曲による）,70年代アイドル風／歌謡ポップ,オラガ村出身、誕生日9月9日。おにぎり好きで、傘を編むのが趣味。複数のかかしのグループ。,https://popnmusic.fandom.com/wiki/Scarecrows
224,サウス,不明,南極の海でひとり歌いながら、ぷかぷか浮かんでいる不思議な存在,B：穏やか・自由型,不明,潜水服とヘルメットの中に水が入っている。顔や頭は見えず、紫のギターを持つ,不明（正体不明の生物）,白・黄・紫,中速（担当曲による）,南極・海中をイメージしたテクノ／コミカル,南極出身。誕生日は2月11日、趣味は浮かぶこと。,https://popnmusic.fandom.com/wiki/South
225,最上サスガ,男,飄々とした旅人。困っている人を助けながら、行方不明の相方を探して旅を続ける,B：穏やか・自由型,成人（推定）,三度笠に茶色の髷、黒赤の合羽、青い武道着と赤い帯,人間,茶・赤・黒・青,中速（担当曲による）,和風・民謡調／時代劇風,公式Wiki：陸奥出身、誕生日3月12日。友情が好きで涙が苦手。担当曲「ビワガタリ」「侍戦隊シンケンジャー」。,https://popnmusic.fandom.com/wiki/Sasuga_Mogami
226,さらさ,女,おだやかで優しい精霊。みんなの笑顔を願い、七夕飾りを作るのが好き,B：穏やか・自由型,不明,青い瞳、笹の葉のような緑系の髪。星や短冊をあしらった和風の服,精霊,緑・マゼンタ・白・黄・水色,中速（担当曲による）,和風・七夕／透明感のあるポップ,天の川出身、誕生日7月7日。折り紙で七夕飾りを作り、みんなの笑顔が好き。雨が苦手。,https://popnmusic.fandom.com/wiki/Sarasa
227,桐生,男,規律と秩序を重んじる、厳格で少し自己中心的だが忠誠心の強い生徒会会計,C：冷静・知性型,10代（学生）,金髪、青い瞳、銀縁眼鏡。紺を基調とした制服と腕章、青白い宝石,人間,紺・白・灰・黄,中速（担当曲による）,シリアスな学園系／ドラマチックな電子音楽,横浜出身、誕生日1月20日。学園の風紀を守ることに熱心で、まどかに追われている。,https://popnmusic.fandom.com/wiki/Kiryu
228,キリコ,不明,古びたからくり人形。旅人が来るのを、いつまでも待ち続けている,B：穏やか・自由型（暫定）,不明,古風で幻想的なからくり人形。細部の外見は公式画像参照,からくり人形,不明,中速（担当曲による）,ダークメルヘン／幻想的で少し不気味な音楽,いにしえのからくり人形,https://popnmusic.fandom.com/wiki/Kirico